n_estimators,max_samples,contamination,mean_anomaly_score,score_std,score_gap_p50_p01,predicted_anomaly_rate
50,auto,0.01,-0.3189758865151537,0.009943872447917605,0.028356182302087474,0.01
50,auto,0.05,-0.3189758865151537,0.009943872447917605,0.028356182302087474,0.05
50,0.7,0.01,-0.3076569236485093,0.005554626683625558,0.018152179283852266,0.01
50,0.7,0.05,-0.3076569236485093,0.005554626683625558,0.018152179283852266,0.0499
50,0.9,0.01,-0.30032324809806116,0.005641715896192976,0.01767452178259199,0.01
50,0.9,0.05,-0.30032324809806116,0.005641715896192976,0.01767452178259199,0.05
100,auto,0.01,-0.3218996207584253,0.007531943318853925,0.021179709245670197,0.01
100,auto,0.05,-0.3218996207584253,0.007531943318853925,0.021179709245670197,0.05
100,0.7,0.01,-0.3059641076704896,0.004358435484759997,0.01447522761703035,0.01
100,0.7,0.05,-0.3059641076704896,0.004358435484759997,0.01447522761703035,0.05
100,0.9,0.01,-0.2997081956268689,0.004224393294835946,0.013971328822542872,0.01
100,0.9,0.05,-0.2997081956268689,0.004224393294835946,0.013971328822542872,0.05
