unique_key,created_date,closed_date,agency,complaint_type,descriptor,location_type,incident_zip,city,borough,latitude,longitude,anomaly_score,anomaly
70552880,2026-09-26T18:16:17.000,,DPR,Maintenance or Facility,Rodent Sighting,Street/Curbside,11414.0,HOWARD BEACH,QUEENS,40.66068993486932,-73.85681805588473,-0.3322265980052016,1
70552879,2026-09-26T18:46:25.000,,DPR,Maintenance or Facility,Rodent Sighting,Street/Curbside,11414.0,HOWARD BEACH,QUEENS,40.66068993486932,-73.85681805588473,-0.3322265980052016,1
70552219,2026-09-26T08:45:50.000,,DOHMH,Mobile Food Vendor,Food Source/Protection,Mobile Food Vendor,11414.0,HOWARD BEACH,QUEENS,40.65539070302312,-73.82934497267793,-0.3308197397097859,1
70547959,2026-09-26T19:14:09.000,,DOHMH,Rodent,Rat Sighting,1-2 Family Dwelling,11414.0,HOWARD BEACH,QUEENS,40.66119784844968,-73.85692149209122,-0.3250937518826048,1
70550019,2026-09-26T14:01:11.000,,DOHMH,Harboring Bees/Wasps,Bees/Wasps - Not a beekeper,1-2 Family Dwelling,11204.0,BROOKLYN,BROOKLYN,40.61696121636489,-73.99617111060638,-0.32383820109275296,1
70547863,2026-09-26T17:14:07.000,,HPD,OUTSIDE BUILDING,ROOFING,RESIDENTIAL BUILDING,11375.0,FOREST HILLS,QUEENS,40.72259759858368,-73.84981602943597,-0.3232840631359106,1
70548896,2026-09-26T22:30:56.000,,DOHMH,Indoor Air Quality,Chemical Vapors/Gases/Odors,3+ Family Apartment Building,11375.0,FOREST HILLS,QUEENS,40.72066594044168,-73.83814626626975,-0.3231191498812673,1
70554270,2026-09-26T22:48:53.000,,DEP,Noise,Air Conditioner/Ventilation,Residential,11229.0,BROOKLYN,BROOKLYN,40.607925309496245,-73.95620602517842,-0.32208777971171215,1
70552374,2026-09-26T19:08:52.000,,HPD,PLUMBING,BATHTUB/SHOWER,RESIDENTIAL BUILDING,11375.0,FOREST HILLS,QUEENS,40.71962713215604,-73.85796850118386,-0.3218822813341589,1
70548894,2026-09-26T18:24:32.000,,DOHMH,Harboring Bees/Wasps,Bees/Wasps - Not a beekeper,1-2 Family Dwelling,10304.0,STATEN ISLAND,STATEN ISLAND,40.62411665901149,-74.07581150136201,-0.32184132003148835,1
70548992,2026-09-26T17:26:19.000,,HPD,OUTSIDE BUILDING,PAVEMENT,RESIDENTIAL BUILDING,11375.0,FOREST HILLS,QUEENS,40.72259759858368,-73.84981602943597,-0.32180309360709514,1
70552878,2026-09-26T17:52:30.000,,DPR,Animal in a Park,Animal Waste,Street/Curbside,10019.0,NEW YORK,MANHATTAN,40.76771626077605,-73.98195301535783,-0.32055027786070633,1
70553662,2026-09-26T18:36:47.000,,DOHMH,Rodent,Condition Attracting Rodents,Sidewalk,11414.0,HOWARD BEACH,QUEENS,40.66114845593607,-73.85693241110152,-0.3200514989326286,1
70550263,2026-09-26T11:51:26.000,,DPR,Overgrown Tree/Branches,Hitting Phone/Cable Lines,Street,11414.0,HOWARD BEACH,QUEENS,40.649593178253056,-73.84044488661402,-0.3199648110452954,1
70549988,2026-09-27T01:19:06.000,,DCWP,Consumer Complaint,Tobacco Sales,Business,10010.0,NEW YORK,MANHATTAN,40.739701095795056,-73.9851758671676,-0.31988342638906353,1
70555947,2026-09-26T14:14:04.000,,DOHMH,Unsanitary Pigeon Condition,Pigeon Waste,Commercial Building,10028.0,NEW YORK,MANHATTAN,40.77863290127972,-73.96254609596876,-0.31987941669011605,1
70554114,2026-09-26T17:43:58.000,,OOS,Cannabis Retailer,Sales to Minors Under 21,,11229.0,BROOKLYN,BROOKLYN,40.610367463514976,-73.95437120347655,-0.3196921273589816,1
70551114,2026-09-26T19:56:20.000,,DOHMH,Food Establishment,Rodents/Insects/Garbage,Other (Explain Below),10075.0,NEW YORK,MANHATTAN,40.77206395065973,-73.95290292177583,-0.31947048094454833,1
70547299,2026-09-26T12:41:21.000,2026-09-26T12:41:21.000,DOB,Special Projects Inspection Team (SPIT),Privately Owned Public Space/Non-Compliance,,10041.0,NEW YORK,MANHATTAN,40.70360806812505,-74.0096910610565,-0.31923750064547163,1
70555730,2026-09-26T11:22:00.000,,DOT,Street Light Condition,Street Light Out,,11375.0,FOREST HILLS,QUEENS,40.71865821558743,-73.84115255504574,-0.31842475098079887,1
70548753,2026-09-26T17:15:41.000,,DOT,Street Condition,Defective Hardware,Street,11421.0,WOODHAVEN,QUEENS,40.6892205363593,-73.86711646534452,-0.31801716417040554,1
70550206,2026-09-26T14:07:37.000,2026-09-26T14:07:37.000,DOB,Elevator,Elevator - Single Device On Property/No Alternate Service,,11423.0,HOLLIS,QUEENS,40.7159373521641,-73.77344236876581,-0.31791490603709993,1
70548975,2026-09-26T00:24:09.000,,HPD,PLUMBING,BATHTUB/SHOWER,RESIDENTIAL BUILDING,11103.0,ASTORIA,QUEENS,40.761567252151536,-73.91002246728036,-0.31785956207061705,1
70550117,2026-09-26T00:18:04.000,,HPD,PLUMBING,BATHTUB/SHOWER,RESIDENTIAL BUILDING,11103.0,ASTORIA,QUEENS,40.761567252151536,-73.91002246728036,-0.31785956207061705,1
70554598,2026-09-26T09:33:22.000,,DOT,Ferry Complaint,General Complaint,Ferry,,,Unspecified,,,-0.31784730700957137,1
70551362,2026-09-26T13:24:00.000,,DOHMH,Unsanitary Animal Pvt Property,Cat,3+ Family Apartment Building,11692.0,ARVERNE,QUEENS,40.59178343612657,-73.79605420798343,-0.31761755810560066,1
70552935,2026-09-26T09:27:02.000,,DSNY,Lot Condition,Trash,Lot,11412.0,,QUEENS,40.693358685139984,-73.75206275990932,-0.31759517685874483,1
70548477,2026-09-26T09:19:26.000,,DEP,Green Infrastructure,Rain Garden,Street/Sidewalk,11421.0,WOODHAVEN,QUEENS,40.696651622426,-73.85432462037286,-0.3174269386080781,1
70547696,2026-09-26T18:13:34.000,,DOHMH,Food Establishment,Food Worker Hygiene,Restaurant/Bar/Deli/Bakery,11211.0,BROOKLYN,BROOKLYN,40.71695157926226,-73.95865954677937,-0.31735019633009426,1
70552940,2026-09-26T21:22:26.000,,OOS,Cannabis Retailer,Sales to Minors Under 21,,10028.0,NEW YORK,MANHATTAN,40.77744744132607,-73.94894545563677,-0.3172351574640165,1
70555725,2026-09-26T19:04:00.000,,DOT,Street Light Condition,Street Light Out,,10023.0,MANHATTAN,MANHATTAN,40.7817499622558,-73.9810645461519,-0.3171958840502304,1
70551142,2026-09-27T00:23:00.000,,DOT,Street Light Condition,Lamppost Knocked Down,,11414.0,HOWARD BEACH,QUEENS,40.65076144867601,-73.83391561702813,-0.3170882706186731,1
70552218,2026-09-26T11:46:36.000,,DOHMH,Mobile Food Vendor,Food Temperature,Mobile Food Vendor,11237.0,BROOKLYN,BROOKLYN,40.699520344996905,-73.91138649006166,-0.3170198244511595,1
70549992,2026-09-26T15:43:06.000,,DOT,Bus Stop Shelter Complaint,Broken Glass,Bus Stop Shelter,11220.0,,BROOKLYN,40.63549370508815,-74.00955866847329,-0.3169180577549832,1
70547735,2026-09-26T10:39:27.000,,DOT,Bus Stop Shelter Complaint,Broken Glass,Bus Stop Shelter,11374.0,REGO PARK,QUEENS,40.72948661396566,-73.86274258843494,-0.3169121941755161,1
70555718,2026-09-26T12:21:32.000,,DOT,Bus Stop Shelter Complaint,Broken Glass,Bus Stop Shelter,11220.0,,BROOKLYN,40.63549370508815,-74.00955866847329,-0.3166651456966015,1
70551162,2026-09-26T16:32:13.000,,DOHMH,Food Poisoning,1 or 2,Restaurant/Bar/Deli/Bakery,11417.0,OZONE PARK,QUEENS,40.67397953824103,-73.83969437620026,-0.3166397659664595,1
70555213,2026-09-26T15:46:55.000,,DSNY,Missed Collection,Recycling - Paper/Metal/Glass/Rigid Plastic,Street,11414.0,HOWARD BEACH,QUEENS,40.661394379534805,-73.85604520872663,-0.31662192021383284,1
70548909,2026-09-26T11:36:36.000,2026-09-26T20:21:04.000,HPD,PLUMBING,WATER SUPPLY,RESIDENTIAL BUILDING,11375.0,FOREST HILLS,QUEENS,40.721535638634144,-73.85647809356415,-0.316613050463588,1
70550032,2026-09-26T17:14:07.000,,HPD,ELEVATOR,MAINTENANCE,RESIDENTIAL BUILDING,11375.0,FOREST HILLS,QUEENS,40.72259759858368,-73.84981602943597,-0.3165184304033286,1
70550687,2026-09-26T20:55:19.000,,DSNY,Graffiti,Graffiti,Residential,10016.0,NEW YORK,MANHATTAN,40.7480435534154,-73.97582656367321,-0.31639836433482277,1
70556013,2026-09-26T19:44:17.000,,DPR,Illegal Tree Damage,Trunk Damaged,Street,11375.0,FOREST HILLS,QUEENS,40.721480832738976,-73.84799309041318,-0.31637902930294337,1
70555350,2026-09-26T23:50:12.000,,DEP,Water Maintenance,Dirty Water,,11414.0,HOWARD BEACH,QUEENS,40.65083283891567,-73.83393345831433,-0.3163177299533522,1
70547976,2026-09-26T10:31:53.000,,DPR,Illegal Tree Damage,Trunk Damaged,Street,11219.0,BROOKLYN,BROOKLYN,40.62950219749597,-74.00272359766409,-0.31617282001766406,1
70555726,2026-09-26T15:35:00.000,,DOT,Street Light Condition,Street Light Out,,11423.0,QUEENS,QUEENS,40.72106362693494,-73.75944186685103,-0.31608728927044705,1
70551842,2026-09-26T17:08:52.000,,DSNY,Graffiti,Graffiti,Residential,10030.0,NEW YORK,MANHATTAN,40.81663361106963,-73.94822535394493,-0.315909338516217,1
70536273,2026-09-25T23:29:54.000,,HPD,PLUMBING,BATHTUB/SHOWER,RESIDENTIAL BUILDING,11210.0,BROOKLYN,BROOKLYN,40.62285422523477,-73.93823524058126,-0.3158739506033604,1
70554195,2026-09-26T18:13:39.000,2026-09-26T18:16:57.000,DPR,Violation of Park Rules,Unlicensed Vendors,Street/Curbside,11369.0,EAST ELMHURST,QUEENS,40.75939991889682,-73.86127317438275,-0.315680457004235,1
70555694,2026-09-26T19:05:01.000,,DOHMH,Food Establishment,Rodents/Insects/Garbage,Restaurant/Bar/Deli/Bakery,11220.0,BROOKLYN,BROOKLYN,40.63944001571036,-74.02969740146074,-0.31565972196955855,1
70554596,2026-09-26T13:49:15.000,,DOT,Bus Stop Shelter Complaint,Broken Glass,Bus Stop Shelter,11220.0,BROOKLYN,BROOKLYN,40.63523023948803,-74.00914068834186,-0.3156303615557933,1
70553852,2026-09-26T12:59:05.000,2026-09-26T16:29:16.000,NYPD,Blocked Driveway,Partial Access,Street/Sidewalk,11423.0,HOLLIS,QUEENS,40.712916870079695,-73.76461869207576,-0.31562339598409495,1
70553418,2026-09-26T13:47:18.000,,DOHMH,Food Establishment,Rodents/Insects/Garbage,Restaurant/Bar/Deli/Bakery,10004.0,NEW YORK,MANHATTAN,40.704423217438205,-74.01022136318281,-0.31557089109564196,1
70551839,2026-09-26T00:29:43.000,2026-09-26T00:29:43.000,DOB,General Construction/Plumbing,Working Contrary To Stop Work Order,,11417.0,OZONE PARK,QUEENS,40.67369106509623,-73.84147956206485,-0.3155033096468155,1
70550021,2026-09-26T18:44:00.000,,DOHMH,Indoor Air Quality,Chemical Vapors/Gases/Odors,3+ Family Apartment Building,10030.0,NEW YORK,MANHATTAN,40.81620157952722,-73.94580876048506,-0.31546206136991106,1
70550808,2026-09-26T09:52:08.000,2026-09-26T12:35:00.000,DEP,Sewer Maintenance,Backup,Sewer,11414.0,HOWARD BEACH,QUEENS,40.65651221887955,-73.83422206552785,-0.3152819658126258,1
70554073,2026-09-26T08:38:35.000,,DSNY,Obstruction,Trash or Recycling,Sidewalk,11229.0,BROOKLYN,BROOKLYN,40.59993383227193,-73.94647763534483,-0.3152586473165071,1
70555404,2026-09-26T12:45:35.000,2026-09-26T14:15:00.000,DEP,Sewer Maintenance,Backup,Sewer,11414.0,HOWARD BEACH,QUEENS,40.65110461660744,-73.83207321304629,-0.3152558658548056,1
70553447,2026-09-26T15:02:29.000,,DCWP,Consumer Complaint,E-Cigarette Sales,Business,11232.0,BROOKLYN,BROOKLYN,40.65982111181378,-73.99867722930902,-0.3152053206009378,1
70554594,2026-09-26T14:42:05.000,,DCWP,Consumer Complaint,E-Cigarette Sales,Business,11232.0,BROOKLYN,BROOKLYN,40.66112485922136,-73.99735080256193,-0.3152053206009378,1
70548437,2026-09-26T10:26:21.000,,DSNY,Graffiti,Graffiti,Comercial,10010.0,NEW YORK,MANHATTAN,40.73649129203447,-73.97778652236467,-0.31519297293158755,1
70553472,2026-09-26T13:13:03.000,,DOHMH,Food Poisoning,1 or 2,Restaurant/Bar/Deli/Bakery,11355.0,FLUSHING,QUEENS,40.75792576212915,-73.82849030251397,-0.3151852877602949,1
70547734,2026-09-26T15:22:40.000,,DOT,Bus Stop Shelter Complaint,Damaged Other,Bus Stop Shelter,10009.0,NEW YORK,MANHATTAN,40.72010251610345,-73.97864697168207,-0.3151451334355988,1
70554599,2026-09-26T10:28:45.000,,DOT,Ferry Inquiry,Lost and Found,Ferry,,,Unspecified,,,-0.3151324887793533,1
70542412,2026-09-25T22:35:06.000,2026-09-26T10:01:07.000,NYPD,Illegal Parking,Blocked Crosswalk,Street/Sidewalk,11421.0,WOODHAVEN,QUEENS,40.691413033309935,-73.86661807491197,-0.31512669559908274,1
70552720,2026-09-26T16:27:17.000,2026-09-26T19:06:16.000,NYPD,Blocked Driveway,No Access,Street/Sidewalk,11414.0,HOWARD BEACH,QUEENS,40.65171052760346,-73.8278948276162,-0.3150545623128572,1
70547399,2026-09-26T22:48:30.000,,DEP,Noise,Air Conditioner/Ventilation,Residential,11222.0,BROOKLYN,BROOKLYN,40.73180674931541,-73.96019462910861,-0.3150320475096428,1
70538135,2026-09-25T23:01:22.000,2026-09-25T23:06:39.000,NYPD,Blocked Driveway,No Access,Street/Sidewalk,11414.0,HOWARD BEACH,QUEENS,40.6614726091359,-73.84243492221906,-0.3150289323869452,1
70548536,2026-09-26T08:27:02.000,2026-09-26T10:10:00.000,DEP,Sewer Maintenance,Backup,Sewer,11414.0,HOWARD BEACH,QUEENS,40.65706166227879,-73.84038737845609,-0.3149232793423712,1
70548325,2026-09-26T10:49:11.000,,DPR,Maintenance or Facility,Rodent Sighting,Street/Curbside,10462.0,BRONX,BRONX,40.837754516332005,-73.85963892153617,-0.31490393818376466,1
70554815,2026-09-26T15:29:54.000,2026-09-26T15:29:54.000,DOB,Elevator,Elevator - Multiple Devices On Property,,10458.0,BRONX,BRONX,40.85828805965668,-73.89039210329346,-0.3148729203509581,1
70552421,2026-09-26T13:45:52.000,,HPD,HEAT/HOT WATER,APARTMENT ONLY,RESIDENTIAL BUILDING,11375.0,FOREST HILLS,QUEENS,40.73310442678472,-73.85399595852442,-0.31485620562007727,1
70554805,2026-09-26T12:37:46.000,2026-09-26T22:24:58.000,DHS,Homeless Person Assistance,Non-Chronic,Park/Playground,11375.0,FOREST HILLS,QUEENS,40.72222307360482,-73.84679365434079,-0.31484964398796533,1
70548842,2026-09-26T10:21:53.000,,DOHMH,Food Establishment,Handwashing,Restaurant/Bar/Deli/Bakery,11226.0,BROOKLYN,BROOKLYN,40.64212303620399,-73.95721413113839,-0.31484914468351666,1
70550827,2026-09-26T11:44:44.000,,DEP,Noise,Air Conditioner/Ventilation,Residential,11368.0,CORONA,QUEENS,40.73698201773687,-73.86461437160887,-0.314805730990934,1
70555847,2026-09-26T11:24:07.000,,HPD,OUTSIDE BUILDING,ROOFING,RESIDENTIAL BUILDING,11220.0,BROOKLYN,BROOKLYN,40.63953672619136,-74.01013936027819,-0.3147606778210282,1
70551748,2026-09-26T17:37:11.000,,DPR,Maintenance or Facility,Rodent Sighting,Park,11214.0,BROOKLYN,BROOKLYN,40.59838999513013,-74.00019445204099,-0.31475837081171076,1
70553548,2026-09-26T14:29:58.000,,HPD,PLUMBING,BATHTUB/SHOWER,RESIDENTIAL BUILDING,10009.0,NEW YORK,MANHATTAN,40.72845741060336,-73.97786496822046,-0.31475306795601465,1
70549053,2026-09-26T16:14:02.000,,HPD,ELECTRIC,POWER OUTAGE,RESIDENTIAL BUILDING,10023.0,NEW YORK,MANHATTAN,40.77927179355028,-73.98317392623522,-0.31469117784334316,1
70551132,2026-09-26T09:45:00.000,2026-09-26T09:45:00.000,DOB,General Construction/Plumbing,Cons - Contrary/Beyond Approved Plans/Permits,,11222.0,BROOKLYN,BROOKLYN,40.72629889545443,-73.94272858438471,-0.3146874487952328,1
70550207,2026-09-26T17:40:48.000,2026-09-26T17:40:48.000,DOB,Elevator,Elevator - Multiple Devices On Property,,11691.0,FAR ROCKAWAY,QUEENS,40.59515855020375,-73.75481112341535,-0.3145695738852315,1
70553775,2026-09-26T22:01:59.000,,DPR,Damaged Tree,Branch or Limb Has Fallen Down,Street,11414.0,HOWARD BEACH,QUEENS,40.6563844991702,-73.83511619984917,-0.3145654013180747,1
70548838,2026-09-26T13:21:39.000,,DOHMH,Food Establishment,Food Contaminated,Restaurant/Bar/Deli/Bakery,,,Unspecified,,,-0.3145457801306742,1
70548857,2026-09-27T00:37:14.000,,TLC,For Hire Vehicle Complaint,Driver Complaint - Passenger,Street,11430.0,JAMAICA,QUEENS,40.64832048620134,-73.78828125130184,-0.31452436889060026,1
70551164,2026-09-26T17:03:50.000,,DOHMH,Indoor Air Quality,Chemical Vapors/Gases/Odors,1-2 Family Mixed Use Building,11692.0,ARVERNE,QUEENS,40.5916424409734,-73.79703400440576,-0.3145192198411977,1
70555741,2026-09-26T21:58:37.000,,DOHMH,Indoor Air Quality,Chemical Vapors/Gases/Odors,1-2 Family Mixed Use Building,11692.0,ARVERNE,QUEENS,40.5916424409734,-73.79703400440576,-0.3145192198411977,1
70552498,2026-09-26T21:59:59.000,,DOHMH,Rodent,Rat Sighting,Sidewalk,10458.0,BRONX,BRONX,40.86906094087358,-73.89032372746453,-0.31435130942316997,1
70554208,2026-09-26T15:23:46.000,,DEP,Lead,Lead Kit,Residential Building,11375.0,FOREST HILLS,QUEENS,40.71604949853722,-73.83638267194078,-0.3142962523789535,1
70548885,2026-09-27T00:48:00.000,,DOT,Street Light Condition,Street Light Out,,10470.0,BRONX,BRONX,40.89664099237011,-73.8704853142461,-0.3142576073862602,1
70554241,2026-09-26T12:52:11.000,,DEP,Sewer Maintenance,Catch Basin Sunken,Sewer,11040.0,NEW HYDE PARK,QUEENS,40.7506997642861,-73.70440983368402,-0.3142339182391187,1
70554113,2026-09-26T09:07:29.000,,OOS,Cannabis Retailer,Unlicensed,,10458.0,BRONX,BRONX,40.862158943278985,-73.8972872325268,-0.31422790853269533,1
70555942,2026-09-26T18:06:41.000,2026-09-26T18:06:41.000,DOB,Elevator,Elevator - Multiple Devices On Property,,10002.0,NEW YORK,MANHATTAN,40.72073280267493,-73.99251428410267,-0.3142152872341828,1
70552297,2026-09-26T20:36:52.000,,HPD,HEAT/HOT WATER,APARTMENT ONLY,RESIDENTIAL BUILDING,11206.0,BROOKLYN,BROOKLYN,40.71030309727022,-73.9500501303802,-0.31420932103749744,1
70552223,2026-09-26T23:03:46.000,,DOHMH,Mobile Food Vendor,Food Source/Protection,Green Cart Vendor,10025.0,NEW YORK,MANHATTAN,40.79481570640754,-73.97167431095036,-0.31415406268948526,1
70538164,2026-09-25T22:55:10.000,2026-09-26T01:05:09.000,NYPD,Blocked Driveway,Partial Access,Street/Sidewalk,11358.0,FLUSHING,QUEENS,40.77121075871506,-73.8030069685384,-0.3140949870583862,1
70554880,2026-09-26T13:58:02.000,,DPR,Overgrown Tree/Branches,Hitting Phone/Cable Lines,Street,11421.0,WOODHAVEN,QUEENS,40.69403394172008,-73.85498305004907,-0.314079271568519,1
70546361,2026-09-26T00:53:45.000,,DCWP,Consumer Complaint,Restaurant,Business,10004.0,NEW YORK,MANHATTAN,40.70512038765168,-74.01022147007984,-0.31395658884787075,1
70552979,2026-09-26T06:52:00.000,2026-09-26T09:05:00.000,DOT,Traffic Signal Condition,Vehicle Signal,,10128.0,MANHATTAN,MANHATTAN,40.78654777999216,-73.95255322912092,-0.31385759384242695,1
70554622,2026-09-26T23:57:56.000,,HPD,SAFETY,OUTLET COVER,RESIDENTIAL BUILDING,11213.0,BROOKLYN,BROOKLYN,40.67462134218107,-73.93916067086707,-0.31385075715887845,1
70548839,2026-09-26T16:29:11.000,,DOHMH,Food Establishment,Rodents/Insects/Garbage,Restaurant/Bar/Deli/Bakery,10282.0,NEW YORK,MANHATTAN,40.714811465583885,-74.01615328095208,-0.31382952144766835,1
70555928,2026-09-26T10:24:06.000,,DOHMH,Indoor Sewage,Sewage Leak,1-2 Family Dwelling,11413.0,SPRINGFIELD GARDENS,QUEENS,40.66120946826343,-73.75612543300961,-0.3138182979633356,1
